canh,bat_dau_s,ket_thuc_s,do_dai_s,anh,mo_ta_hinh,loi_thoai,am_thanh
1,0.00,2.00,2.00,canh_01_000.00.jpg,,,
2,2.00,6.00,4.00,canh_02_002.00.jpg,,,
3,6.00,7.27,1.27,canh_03_006.00.jpg,,,
4,7.27,8.33,1.06,canh_04_007.27.jpg,,,
5,8.33,10.00,1.67,canh_05_008.33.jpg,,,
6,10.00,10.73,0.73,canh_06_010.00.jpg,,,
7,10.73,14.30,3.57,canh_07_010.73.jpg,,,
8,14.30,17.83,3.53,canh_08_014.30.jpg,,,
9,17.83,19.17,1.34,canh_09_017.83.jpg,,,
10,19.17,22.63,3.46,canh_10_019.17.jpg,,,
11,22.63,23.67,1.04,canh_11_022.63.jpg,,,
12,23.67,25.13,1.46,canh_12_023.67.jpg,,,
13,25.13,28.13,3.00,canh_13_025.13.jpg,,,
14,28.13,29.17,1.04,canh_14_028.13.jpg,,,
15,29.17,32.13,2.96,canh_15_029.17.jpg,,,
16,32.13,33.67,1.54,canh_16_032.13.jpg,,,
17,33.67,39.17,5.50,canh_17_033.67.jpg,,,
18,39.17,40.47,1.30,canh_18_039.17.jpg,,,
19,40.47,41.27,0.80,canh_19_040.47.jpg,,,
20,41.27,43.60,2.33,canh_20_041.27.jpg,,,
21,43.60,44.33,0.73,canh_21_043.60.jpg,,,
22,44.33,49.17,4.84,canh_22_044.33.jpg,,,
23,49.17,52.10,2.93,canh_23_049.17.jpg,,,
24,52.10,53.30,1.20,canh_24_052.10.jpg,,,
25,53.30,57.00,3.70,canh_25_053.30.jpg,,,
26,57.00,59.17,2.17,canh_26_057.00.jpg,,,
27,59.17,62.67,3.50,canh_27_059.17.jpg,,,
28,62.67,63.80,1.13,canh_28_062.67.jpg,,,
29,63.80,65.63,1.83,canh_29_063.80.jpg,,,
30,65.63,69.17,3.54,canh_30_065.63.jpg,,,
31,69.17,71.13,1.96,canh_31_069.17.jpg,,,
32,71.13,74.17,3.04,canh_32_071.13.jpg,,,
33,74.17,75.53,1.36,canh_33_074.17.jpg,,,
34,75.53,77.10,1.57,canh_34_075.53.jpg,,,
35,77.10,80.90,3.80,canh_35_077.10.jpg,,,
36,80.90,82.43,1.53,canh_36_080.90.jpg,,,
37,82.43,84.43,2.00,canh_37_082.43.jpg,,,
38,84.43,86.00,1.57,canh_38_084.43.jpg,,,
39,86.00,87.27,1.27,canh_39_086.00.jpg,,,
40,87.27,88.47,1.20,canh_40_087.27.jpg,,,
41,88.47,89.50,1.03,canh_41_088.47.jpg,,,
42,89.50,91.93,2.43,canh_42_089.50.jpg,,,
43,91.93,96.00,4.07,canh_43_091.93.jpg,,,
44,96.00,96.97,0.97,canh_44_096.00.jpg,,,
45,96.97,100.50,3.53,canh_45_096.97.jpg,,,
46,100.50,104.47,3.97,canh_46_100.50.jpg,,,
47,104.47,106.00,1.53,canh_47_104.47.jpg,,,
48,106.00,108.97,2.97,canh_48_106.00.jpg,,,
49,108.97,112.77,3.80,canh_49_108.97.jpg,,,
50,112.77,116.01,3.24,canh_50_112.77.jpg,,,
